dropped,answers_dropped,share_dropped,sessions_dropped,credit_all,credit_all_lo,credit_all_hi,credit_all_n,credit_cue,credit_cue_lo,credit_cue_hi,credit_cue_n,credit_neutral,credit_neutral_lo,credit_neutral_hi,credit_neutral_n,p_right_given_heard,p_right_given_heard_lo,p_right_given_heard_hi,p_right_given_heard_n,probe_accuracy,probe_accuracy_lo,probe_accuracy_hi,probe_accuracy_n
none (all players),0,0.0,0,0.6654,0.6261,0.7031,638,0.6381,0.5874,0.6871,404,0.7124,0.6451,0.7758,234,0.7045,0.6553,0.7522,330,0.837,0.805,0.8685,638
P01,149,0.2335,5,0.6178,0.5738,0.6604,489,0.5909,0.5365,0.6486,307,0.6632,0.5882,0.7373,182,0.6595,0.6054,0.7133,242,0.8119,0.775,0.8484,489
P02,60,0.094,2,0.6471,0.6066,0.687,578,0.6251,0.574,0.6767,370,0.6861,0.6164,0.7557,208,0.6923,0.6421,0.7436,299,0.8287,0.7942,0.8625,578
P03,60,0.094,2,0.6766,0.6388,0.7143,578,0.6515,0.6027,0.6997,369,0.7211,0.6515,0.7871,209,0.7174,0.6667,0.7661,304,0.8426,0.8073,0.8788,578
P04,35,0.0549,2,0.658,0.6193,0.6955,603,0.6345,0.5851,0.6818,380,0.6982,0.6303,0.7631,223,0.7026,0.6531,0.7489,310,0.8358,0.8021,0.8681,603
P05,30,0.047,1,0.6579,0.618,0.6958,608,0.6284,0.577,0.6789,384,0.7085,0.6402,0.7776,224,0.6977,0.6492,0.7458,311,0.8306,0.7978,0.8627,608
P06,30,0.047,1,0.6819,0.6422,0.7214,608,0.6553,0.6047,0.7052,389,0.7292,0.6651,0.7921,219,0.7212,0.671,0.7695,320,0.8454,0.8136,0.8759,608
P07,30,0.047,1,0.6743,0.6336,0.713,608,0.6509,0.5995,0.7013,383,0.7142,0.6465,0.7773,225,0.7129,0.6623,0.7618,318,0.847,0.8159,0.8783,608
P08,30,0.047,1,0.6635,0.623,0.7022,608,0.632,0.5793,0.6832,384,0.7174,0.6507,0.7795,224,0.6978,0.6459,0.7489,313,0.8372,0.8041,0.8695,608
P09,30,0.047,1,0.6669,0.6274,0.7052,608,0.6407,0.5894,0.6901,386,0.7126,0.6446,0.7801,222,0.7111,0.6602,0.7585,315,0.8355,0.8036,0.8663,608
P10,30,0.047,1,0.6758,0.6356,0.7157,608,0.6419,0.5903,0.6927,389,0.7361,0.6655,0.8005,219,0.7034,0.6539,0.7517,319,0.8372,0.8061,0.8682,608
P11,30,0.047,1,0.6692,0.6304,0.7059,608,0.6385,0.5883,0.6879,384,0.7219,0.6594,0.7833,224,0.7013,0.6515,0.7492,317,0.8438,0.8103,0.8742,608
P12,30,0.047,1,0.6745,0.6329,0.7139,608,0.6495,0.5957,0.7016,384,0.7174,0.6468,0.786,224,0.7148,0.6633,0.7646,317,0.8438,0.8103,0.8756,608
P13,29,0.0455,1,0.6634,0.6231,0.7026,609,0.6326,0.5832,0.6827,383,0.7155,0.6465,0.7804,226,0.7023,0.6555,0.7507,309,0.8325,0.798,0.8651,609
P14,19,0.0298,1,0.664,0.6244,0.7027,619,0.6367,0.5862,0.6873,390,0.7105,0.6435,0.7742,229,0.7066,0.6577,0.7556,317,0.8336,0.8007,0.8652,619
P15,9,0.0141,1,0.6717,0.6321,0.7089,629,0.6452,0.5939,0.6952,398,0.7173,0.6502,0.7798,231,0.7123,0.6625,0.7613,325,0.8378,0.8057,0.8683,629
P16,5,0.0078,1,0.6698,0.63,0.7073,633,0.64,0.5895,0.6891,402,0.7216,0.6553,0.784,231,0.7073,0.6582,0.7552,328,0.8357,0.8035,0.8669,633
P17,5,0.0078,1,0.6675,0.6276,0.7049,633,0.6429,0.5917,0.6919,401,0.7099,0.6417,0.7741,232,0.711,0.6607,0.7589,327,0.8373,0.8048,0.8687,633
P18,5,0.0078,1,0.6632,0.6237,0.7008,633,0.6343,0.5837,0.683,399,0.7124,0.6451,0.7758,234,0.7009,0.651,0.749,325,0.8357,0.8033,0.8674,633
P19,4,0.0063,1,0.6664,0.6268,0.7043,634,0.6388,0.5884,0.6881,402,0.7142,0.6461,0.7786,232,0.7045,0.6553,0.7522,330,0.8391,0.807,0.8701,634
P20,4,0.0063,1,0.6653,0.626,0.7028,634,0.6397,0.5889,0.6886,403,0.71,0.6428,0.7719,231,0.7067,0.6571,0.7547,329,0.8375,0.8052,0.8687,634
P21,3,0.0047,1,0.6654,0.6254,0.703,635,0.6363,0.5848,0.6859,402,0.7155,0.6481,0.7788,233,0.7027,0.6528,0.7491,328,0.8362,0.8039,0.8677,635
P22,3,0.0047,1,0.6638,0.625,0.7014,635,0.6363,0.5859,0.6847,402,0.7112,0.6437,0.7744,233,0.7027,0.6539,0.7503,328,0.8362,0.8039,0.8676,635
P23,2,0.0031,1,0.6643,0.6249,0.7023,636,0.6372,0.5863,0.6864,403,0.7112,0.6426,0.7751,233,0.7036,0.654,0.7511,329,0.8365,0.8047,0.8681,636
P24,2,0.0031,1,0.6659,0.6264,0.7033,636,0.6388,0.5882,0.6882,402,0.7124,0.6451,0.7758,234,0.7045,0.6553,0.7522,330,0.8396,0.8069,0.8712,636
P25,2,0.0031,1,0.6675,0.6281,0.7047,636,0.6413,0.5905,0.691,402,0.7124,0.6451,0.7758,234,0.7045,0.6553,0.7522,330,0.8396,0.8078,0.871,636
P26,1,0.0016,1,0.6664,0.6274,0.704,637,0.6397,0.5894,0.688,403,0.7124,0.6451,0.7758,234,0.7045,0.6553,0.7522,330,0.8383,0.8062,0.8696,637
P27,1,0.0016,1,0.6664,0.627,0.704,637,0.6397,0.5893,0.6883,403,0.7124,0.6451,0.7758,234,0.7045,0.6553,0.7522,330,0.8383,0.8059,0.8696,637
